﻿Designator,Footprint,Quantity,Value,LCSC Part #
"C1, C2",0603,2,4.7uF,
"C10, C11",0603,2,1uF,
"C12, C14, C15, C3, C4, C5, C6",0603,7,0.1uF,
C13,0805,1,22uF,
"C16, C17",0603,2,10uF,
"C7, C9",0603,2,12pF,
C8,0603,1,10nF,
"D1, D2, D22, D3",0603,4,LED,
"D10, D11, D12, D17, D18, D19, D20, D9",SOT-23,8,BAT54S,
"D13, D14, D15, D16, D5, D6, D7, D8",D_SOD-323,8,PESD3V3L1BA,
D21,D_SOD-123,1,CDBW140-G,
D4,SOT-23,1,NUP2105L,
J1,TE_9-6437287-8_1,1,AMP_Superseal_9-6437287-8,
J2,Tag-Connect_TC2030-IDC-NL_2x03_P1.27mm_Vertical,1,TC2030,
JP1,SolderJumper-3_P1.3mm_Open_RoundedPad1.0x1.5mm,1,Jumper_3_Open,
"R1, R2",0603,2,22,
"R10, R11, R12, R13, R6, R7, R8, R9",0603,8,6.8k,
"R14, R3, R4, R5",0603,4,1k,
"RV1, RV2, RV3, RV4, RV5, RV6, RV7, RV8",Potentiometer_Bourns_3314G_Vertical,8,3314G-1-503E,
TP1,TestPoint_Pad_D1.0mm,1,POWER_INPUT,
TP2,TestPoint_Pad_D1.0mm,1,GND,
TP3,TestPoint_Pad_D1.0mm,1,3.3V,
TP4,TestPoint_Pad_D1.0mm,1,CAN_TX,
TP5,TestPoint_Pad_D1.0mm,1,CAN_RX,
TP6,TestPoint_Pad_D1.0mm,1,TestPoint,
U1,QFN-32-1EP_5x5mm_P0.5mm_EP3.45x3.45mm,1,STM32F042K6Ux,
U2,TO-252-3_TabPin2,1,TLE42744DV33ATMA1,
U3,SOIC-8_3.9x4.9mm_P1.27mm,1,TCAN3403DRQ1,
U4,Converter_DCDC_RECOM_R-78E-0.5_THT,1,R-78E5.0-0.5,
Y1,Crystal_SMD_2520-4Pin_2.5x2.0mm,1,ECS-160-10-36Q-AES-TR,
